macs,params,fitness_score,effectiveness,entropy,d,e,w_indices,job_target_macs,job_seed,job_duration_s
49578000,720930,3249.425673574337,0.3044621371874167,2979.8669659615384,"[5, 6, 7, 8]","[0.18, 0.1, 0.14, 0.22]","[2, 0, 1, 1, 0]",50000000.0,42,24.046096801757812
60933152,1127066,3584.3668797799132,0.3038577747885634,3296.996317698351,"[6, 7, 7, 8]","[0.22, 0.18, 0.1, 0.1]","[4, 0, 1, 1, 1]",61224489.79591837,43,21.895161390304565
71639072,1429314,3812.728258147433,0.30365006457057997,3530.2481937429793,"[6, 8, 8, 8]","[0.14, 0.1, 0.14, 0.14]","[8, 0, 1, 1, 1]",72448979.59183674,44,20.849729776382446
82780192,1478050,4000.2318250668245,0.30086944282178557,3711.4246847392487,"[7, 8, 8, 8]","[0.14, 0.1, 0.14, 0.14]","[5, 0, 2, 1, 1]",83673469.3877551,45,21.046990156173706
94130208,1588954,4152.110015748383,0.3036610706226479,3858.448945125735,"[8, 8, 8, 8]","[0.18, 0.1, 0.1, 0.14]","[6, 1, 1, 2, 1]",94897959.18367347,46,21.392374515533447
103867360,2116810,4234.660104596062,0.28581056794822995,3958.849536647833,"[8, 8, 8, 8]","[0.1, 0.1, 0.1, 0.1]","[9, 0, 2, 2, 2]",106122448.97959185,47,20.88206672668457
116435952,3113034,4267.197136313375,0.2787636247521831,3998.433511561192,"[8, 8, 8, 8]","[0.22, 0.14, 0.1, 0.1]","[4, 1, 1, 2, 3]",117346938.7755102,48,20.187679529190063
128206816,2481090,4301.40383408851,0.26741389000101423,4043.989944087496,"[8, 8, 8, 8]","[0.1, 0.14, 0.1, 0.14]","[5, 2, 1, 2, 2]",128571428.57142857,49,20.39123249053955
138968032,2562826,4369.40112872505,0.25013904003105425,4129.262088693996,"[8, 8, 8, 8]","[0.1, 0.1, 0.1, 0.1]","[7, 1, 2, 3, 2]",139795918.36734694,50,20.982661247253418
150744048,3188186,4437.228938191258,0.2415679157434243,4205.661022447834,"[8, 8, 8, 8]","[0.1, 0.1, 0.1, 0.1]","[7, 2, 2, 2, 3]",151020408.16326532,51,20.330724954605103
161569760,2587058,4455.9330772189705,0.23314766764240374,4232.785409576567,"[8, 8, 8, 8]","[0.18, 0.1, 0.1, 0.1]","[8, 2, 2, 3, 2]",162244897.9591837,52,21.43776226043701
168901600,2975402,4469.030275965275,0.22635893737843418,4252.671338586841,"[8, 8, 8, 8]","[0.1, 0.1, 0.1, 0.14]","[9, 2, 2, 3, 2]",173469387.75510204,53,21.05325150489807
184273904,3642354,4536.996179017403,0.21993885661642942,4327.057322400973,"[8, 8, 8, 8]","[0.14, 0.1, 0.1, 0.1]","[3, 3, 2, 3, 3]",184693877.5510204,54,20.297550678253174
191548400,3854554,4559.659248041047,0.2137026305400684,4355.956617500979,"[8, 8, 8, 8]","[0.22, 0.1, 0.1, 0.1]","[9, 2, 2, 4, 3]",195918367.3469388,55,20.807127952575684
206687200,2906090,4561.332361232731,0.20737858089448893,4363.953780338243,"[8, 8, 8, 8]","[0.18, 0.22, 0.1, 0.1]","[4, 3, 2, 4, 2]",207142857.14285713,56,20.558635711669922
218201072,3744914,4570.168499990385,0.19775701052269667,4382.411489467688,"[8, 8, 8, 8]","[0.22, 0.1, 0.18, 0.1]","[8, 2, 3, 2, 3]",218367346.9387755,57,20.82831311225891
228809712,4022506,4641.628660695513,0.19393029892216634,4457.698361773347,"[8, 8, 8, 8]","[0.22, 0.1, 0.1, 0.1]","[4, 2, 3, 4, 3]",229591836.73469388,58,21.14871382713318
240810992,4035890,4677.556515009394,0.18829779959166917,4499.258715417725,"[8, 8, 8, 8]","[0.14, 0.1, 0.1, 0.1]","[5, 3, 3, 4, 3]",240816326.53061226,59,20.35978102684021
251038720,5051674,4657.123106695073,0.18401032847093407,4483.112778224139,"[8, 8, 8, 8]","[0.1, 0.1, 0.22, 0.1]","[9, 3, 3, 2, 4]",252040816.32653064,60,20.45311737060547
263208976,7367354,4670.276197700471,0.1836066754141113,4496.66952228636,"[8, 8, 8, 8]","[0.18, 0.22, 0.1, 0.1]","[9, 2, 2, 3, 5]",263265306.12244898,61,20.699743509292603
273320928,3323306,4712.149579599289,0.18203153415424606,4540.118045445042,"[8, 8, 8, 8]","[0.1, 0.1, 0.1, 0.14]","[6, 4, 5, 3, 2]",274489795.9183674,62,20.490132808685303
284466160,3879610,4752.896472574493,0.17795600215472293,4584.94047041977,"[8, 8, 8, 8]","[0.1, 0.1, 0.1, 0.1]","[7, 6, 3, 3, 3]",285714285.71428573,63,21.24527621269226
293114864,5218826,4777.220688131203,0.17023921129685018,4616.981476834353,"[8, 8, 8, 8]","[0.14, 0.1, 0.1, 0.14]","[9, 3, 5, 4, 3]",296938775.5102041,64,21.089818000793457
306795520,5184162,4808.935746344207,0.16946251141338176,4649.473234930825,"[8, 8, 8, 8]","[0.1, 0.14, 0.1, 0.1]","[8, 6, 3, 3, 4]",308163265.3061224,65,21.110743284225464
318219264,6032794,4831.482837394628,0.1636952755261601,4677.787561868468,"[8, 8, 8, 8]","[0.18, 0.1, 0.1, 0.1]","[9, 3, 4, 5, 4]",319387755.1020408,66,21.04165768623352
329640944,4862042,4839.833788242318,0.16427628784093426,4685.5575004013845,"[8, 8, 8, 8]","[0.14, 0.1, 0.1, 0.1]","[9, 3, 6, 5, 3]",330612244.8979592,67,20.74105668067932
334464000,6107386,4864.8806668208545,0.16008235606499135,4714.798310755863,"[8, 8, 8, 8]","[0.14, 0.1, 0.1, 0.1]","[9, 3, 5, 5, 4]",341836734.6938776,68,20.57780957221985
352429056,5395698,4904.740187140581,0.15966014951590965,4755.080037624672,"[8, 8, 8, 8]","[0.1, 0.1, 0.1, 0.1]","[5, 6, 6, 3, 4]",353061224.4897959,69,20.75057053565979
356779008,6133050,4918.679230044403,0.15421181818274848,4774.467411861655,"[8, 8, 8, 8]","[0.1, 0.1, 0.1, 0.1]","[9, 4, 5, 5, 4]",364285714.28571427,70,20.591907024383545
369570816,5631210,4954.357144718533,0.1535265402814512,4810.830604437082,"[8, 8, 8, 8]","[0.1, 0.1, 0.1, 0.1]","[9, 6, 6, 4, 4]",375510204.0816327,71,20.255403518676758
369570816,5631210,4954.357144718533,0.1535265402814512,4810.830604437082,"[8, 8, 8, 8]","[0.1, 0.1, 0.1, 0.1]","[9, 6, 6, 4, 4]",386734693.877551,72,21.2084379196167
390251520,6171546,4980.0272451083265,0.14796406980255722,4842.06317530577,"[8, 8, 8, 8]","[0.1, 0.1, 0.1, 0.1]","[9, 6, 5, 5, 4]",397959183.6734694,73,20.643113136291504
408240144,7991354,4981.944167801217,0.14574358357146125,4846.200584229756,"[8, 8, 8, 8]","[0.1, 0.1, 0.14, 0.1]","[6, 6, 6, 3, 5]",409183673.46938777,74,20.49216914176941
420213792,9843634,5016.04142599075,0.1445417283405044,4881.499697650246,"[8, 8, 8, 8]","[0.1, 0.1, 0.1, 0.1]","[8, 6, 5, 4, 6]",420408163.2653061,75,20.337535619735718
427806736,8522090,5034.925296335344,0.14034891679491082,4904.576379540433,"[8, 8, 8, 8]","[0.1, 0.1, 0.1, 0.1]","[9, 6, 5, 5, 5]",431632653.0612245,76,20.4256534576416
442225664,7601538,4957.811944281367,0.14435823254348942,4823.453711737878,"[8, 8, 8, 8]","[0.25, 0.1, 0.1, 0.14]","[2, 4, 6, 4, 4]",442857142.85714287,77,20.97559428215027
444297232,8597642,5064.40307102957,0.13770203342076706,4936.701037608803,"[8, 8, 8, 8]","[0.1, 0.1, 0.1, 0.1]","[9, 6, 6, 5, 5]",454081632.6530613,78,20.57672381401062
462498816,8578170,5051.793597664697,0.13488955345533504,4926.904044209362,"[8, 8, 8, 8]","[0.1, 0.1, 0.14, 0.14]","[9, 6, 6, 5, 4]",465306122.4489796,79,21.29366421699524
475548704,10554058,5103.730895010428,0.13363565319461607,4980.095241815812,"[8, 8, 8, 8]","[0.1, 0.1, 0.1, 0.1]","[9, 6, 6, 5, 6]",476530612.24489796,80,20.175037384033203
486103040,8996826,5087.279621524847,0.13195993530521644,4965.319686219631,"[8, 8, 8, 8]","[0.1, 0.1, 0.1, 0.14]","[9, 6, 6, 6, 4]",487755102.04081637,81,20.461541652679443
497996816,11102402,5044.9051980884815,0.13100210407973786,4923.903094008743,"[8, 8, 8, 8]","[0.1, 0.1, 0.25, 0.14]","[8, 6, 6, 3, 5]",498979591.8367347,82,20.66212296485901
501605392,9750362,5124.098562509057,0.1307354068634411,5003.363155645616,"[8, 8, 8, 8]","[0.1, 0.1, 0.1, 0.1]","[9, 5, 6, 7, 5]",510204081.63265306,83,20.641278743743896
517292000,12972106,5123.447160246732,0.12938027819132245,5004.066882055409,"[8, 8, 8, 8]","[0.1, 0.1, 0.14, 0.1]","[9, 6, 5, 5, 7]",521428571.42857146,84,20.585693836212158
532361184,13047874,5150.525965020201,0.12738129310284466,5033.144671917356,"[8, 8, 8, 8]","[0.1, 0.1, 0.14, 0.1]","[8, 6, 6, 5, 7]",532653061.2244898,85,20.912151098251343
541147104,13410474,5159.160873220614,0.12657031402769875,5042.590559192915,"[8, 8, 8, 8]","[0.1, 0.1, 0.1, 0.1]","[9, 6, 5, 6, 7]",543877551.0204082,86,20.88262128829956
549325840,9624906,5149.284820042283,0.1251684547818298,5034.116365260454,"[8, 8, 8, 8]","[0.1, 0.14, 0.1, 0.1]","[9, 6, 6, 6, 5]",555102040.8163266,87,20.846829652786255
566111264,14284282,5131.924192237806,0.12443502086370999,5017.489171374096,"[8, 8, 8, 8]","[0.1, 0.14, 0.1, 0.14]","[9, 6, 5, 5, 6]",566326530.6122448,88,20.596901416778564
574073888,10590970,5134.747088568306,0.12560465306458277,5019.142435503723,"[8, 8, 8, 8]","[0.18, 0.1, 0.1, 0.1]","[9, 6, 5, 5, 6]",577551020.4081633,89,20.789464950561523
586563552,13869594,5183.470411821158,0.12144594076489953,5072.024471056259,"[8, 8, 8, 8]","[0.1, 0.18, 0.1, 0.1]","[9, 6, 4, 7, 7]",588775510.2040817,90,20.676164627075195
595671072,11782122,5179.21546819938,0.12044134643652296,5068.774121762857,"[8, 8, 8, 8]","[0.18, 0.1, 0.1, 0.1]","[9, 4, 6, 7, 6]",600000000.0,91,21.021114826202393
